comment,sentiment
"Meskipun sulit, tapi peluang pekerjaan selalu ada jika kita terus berusaha.",positif
Saya berhasil menemukan pekerjaan setelah mengikuti pelatihan dan memperluas jaringan.,positif
"Susah memang, tapi jika kita terus belajar, kesempatan akan datang.",positif
Pekerjaan impian saya datang setelah saya memperbaiki keterampilan dan CV.,positif
"Jangan pernah putus asa, peluang ada di setiap tempat!",positif
Saya berhasil mendapatkan pekerjaan setelah kerja keras dan semangat.,positif
"Memang kompetisi tinggi, tetapi ada banyak kesempatan bagi yang tekun.",positif
"Saya yakin selama kita punya skill yang terus berkembang, kesempatan pekerjaan pasti datang.",positif
"Pekerjaan di Indonesia banyak, tapi kita harus pintar mencari dan memanfaatkannya.",positif
"Saya merasa semakin optimis dengan kemajuan dunia digital, banyak pekerjaan baru yang muncul!",positif
"Pekerjaan di bidang kreatif di Indonesia semakin berkembang, jadi banyak peluang!",positif
"Setelah ikut pelatihan coding, saya merasa lebih mudah mendapat tawaran pekerjaan.",positif
"Memang persaingan ketat, tapi banyak lowongan kerja yang tidak terlalu diketahui orang.",positif
"Saya yakin dengan terus memperbaiki diri, kesempatan untuk bekerja pasti ada.",positif
"Banyak perusahaan yang mencari karyawan dengan skill dan pengalaman, tinggal kita yang harus menyesuaikan.",positif
"Selama kita terus memperbaiki diri, kesempatan untuk bekerja pasti ada.",positif
Saya berhasil mendapatkan pekerjaan di luar negeri setelah mengembangkan keterampilan.,positif
"Pekerjaan di sektor IT memang sangat banyak, kita hanya perlu fokus dan terus belajar.",positif
"Setelah memperluas jaringan, akhirnya saya dapat tawaran kerja yang sangat saya inginkan.",positif
"Jika kita tidak menyerah dan terus belajar, kesempatan pekerjaan pasti datang.",positif
Saya merasa peluang kerja semakin banyak dengan adanya kemajuan teknologi.,positif
"Dengan mengikuti kursus online, saya berhasil mendapatkan pekerjaan di bidang yang saya minati.",positif
"Meskipun persaingan ketat, saya tetap yakin akan ada peluang kerja bagi orang yang berusaha.",positif
Saya berhasil mendapatkan pekerjaan freelance setelah membangun portofolio secara mandiri.,positif
Tantangan dalam mencari pekerjaan membuat saya lebih gigih dan akhirnya mendapat kesempatan.,positif
"Setelah lulus, saya merasa cukup mudah mendapatkan pekerjaan di bidang yang saya minati.",positif
"Dengan kemampuan dan pengalaman, kesempatan kerja pasti terbuka luas!",positif
"Gak ada yang mudah, tapi asal konsisten dan selalu belajar, kesempatan pekerjaan pasti ada.",positif
Saya merasa pekerjaan di Indonesia semakin berkembang dan semakin banyak peluang.,positif
"Sukses itu datang setelah banyak usaha, dan saya berhasil mendapat pekerjaan setelah berjuang.",positif
"Kerja keras dan ketekunan akhirnya membuahkan hasil, saya dapat pekerjaan yang sesuai.",positif
"Jangan takut mencoba hal baru, banyak pekerjaan yang bisa dicapai jika kita berani keluar dari zona nyaman.",positif
"Peluang pekerjaan bisa ditemukan di banyak sektor, tinggal kita saja mau atau tidak untuk memulai.",positif
"Saya percaya dengan beradaptasi dengan perubahan, kita bisa menemukan pekerjaan yang lebih baik.",positif
"Memang berat awalnya, tapi setelah saya belajar banyak skill baru, saya mendapat pekerjaan yang sesuai.",positif
"Selama kita siap menghadapi tantangan dan beradaptasi, peluang pekerjaan akan datang.",positif
"Tantangan dalam mencari pekerjaan hanya sementara, yang penting jangan berhenti berusaha.",positif
Peluang pekerjaan akan datang bagi mereka yang terus berusaha dan tidak mudah menyerah.,positif
Saya dapat pekerjaan setelah mencoba networking dan ikut berbagai pelatihan.,positif
"Kesempatan kerja selalu ada, asal kita terus berkembang dan fokus pada skill.",positif
Kerja keras dan semangat membuat saya mendapatkan pekerjaan yang sesuai dengan minat.,positif
"Pekerjaan di Indonesia memang kompetitif, tapi ada banyak peluang di sektor startup.",positif
Saya berhasil mendapatkan pekerjaan di luar negeri setelah mengembangkan keterampilan.,positif
"Setelah memperluas jaringan, akhirnya saya dapat tawaran kerja yang sangat saya inginkan.",positif
"Jika kita tidak menyerah dan terus belajar, kesempatan pekerjaan pasti datang.",positif
Saya merasa peluang kerja semakin banyak dengan adanya kemajuan teknologi.,positif
"Dengan mengikuti kursus online, saya berhasil mendapatkan pekerjaan di bidang yang saya minati.",positif
"Meskipun persaingan ketat, saya tetap yakin akan ada peluang kerja bagi orang yang berusaha.",positif
Saya berhasil mendapatkan pekerjaan freelance setelah membangun portofolio secara mandiri.,positif
Tantangan dalam mencari pekerjaan membuat saya lebih gigih dan akhirnya mendapat kesempatan.,positif
"Sulit sekali mencari pekerjaan di Indonesia, banyak persaingan yang tidak adil.",negatif
"Saya sudah melamar ke banyak perusahaan, tapi tidak ada panggilan sama sekali.",negatif
Hampir semua lowongan pekerjaan membutuhkan pengalaman yang tidak saya miliki.,negatif
Pekerjaan yang sesuai dengan minat saya sangat sulit ditemukan di Indonesia.,negatif
"Banyak perusahaan yang hanya menerima pelamar dari universitas ternama, susah bagi yang dari universitas kecil.",negatif
"Gaji yang ditawarkan oleh banyak perusahaan sangat rendah, tidak sebanding dengan pengalaman kerja.",negatif
"Mencari pekerjaan di Indonesia sangat memusingkan, banyak yang mengharuskan pengalaman kerja yang tinggi.",negatif
"Sudah lama mencari kerja, tapi banyak perusahaan yang meminta banyak syarat yang tidak realistis.",negatif
"Pekerjaan yang ada hanya menawarkan gaji yang sangat rendah, saya merasa tidak dihargai.",negatif
"Banyak pelamar yang lebih berpengalaman, jadi saya merasa peluang saya kecil.",negatif
"Saya sudah melamar banyak pekerjaan, tapi selalu tidak diterima, rasanya sangat frustasi.",negatif
"Persaingan di dunia kerja Indonesia semakin ketat, saya merasa peluang semakin sedikit.",negatif
"Banyak pekerjaan yang hanya memberi upah rendah, padahal pekerjaan tersebut membutuhkan keterampilan tinggi.",negatif
Sulitnya mencari pekerjaan di Indonesia membuat saya merasa kehilangan harapan.,negatif
"Banyak lowongan kerja yang hanya untuk pekerja part-time, tidak sesuai dengan harapan saya.",negatif
"Terlalu banyak persyaratan di lowongan pekerjaan, membuat saya merasa sulit untuk diterima.",negatif
"Saya merasa banyak perusahaan yang lebih memilih pelamar yang sudah memiliki koneksi, bukan kemampuan.",negatif
Pekerjaan yang sesuai dengan jurusan saya sulit ditemukan di Indonesia.,negatif
"Saya sudah mencoba melamar ke banyak perusahaan, tapi tidak ada feedback sama sekali.",negatif
Sulitnya mencari pekerjaan membuat saya merasa tidak ada harapan lagi di Indonesia.,negatif
"Sangat jarang ada pekerjaan yang memberikan pelatihan, membuat saya kesulitan mengembangkan diri.",negatif
"Meskipun sudah banyak mencari, saya tidak menemukan pekerjaan yang sesuai dengan keahlian saya.",negatif
"Kerja keras saya tidak membuahkan hasil, saya mulai merasa putus asa.",negatif
"Di banyak perusahaan, saya merasa tidak ada ruang untuk berkembang karena gaji yang stagnan.",negatif
"Pekerjaan yang ada sangat terbatas, saya merasa kesulitan untuk mendapatkan posisi yang layak.",negatif
"Banyak lowongan kerja yang menawarkan gaji kecil dan jam kerja panjang, tidak sebanding dengan usaha.",negatif
"Saya merasa peluang kerja di Indonesia semakin sulit didapatkan, banyak orang terpaksa bekerja di luar negeri.",negatif
Persaingan yang semakin ketat membuat saya semakin sulit untuk mendapatkan pekerjaan.,negatif
"Setelah sekian lama mencari, saya merasa sangat pesimis untuk mendapatkan pekerjaan yang baik.",negatif
"Pekerjaan di sektor yang saya minati sangat jarang, sulit mencari peluang yang sesuai.",negatif
"Setiap kali melamar pekerjaan, saya merasa tidak pernah diterima, saya sudah kehilangan harapan.",negatif
"Di Indonesia, banyak perusahaan yang lebih memilih pelamar yang lebih muda dan berpengalaman, saya merasa kesulitan.",negatif
Peluang kerja semakin terbatas dan semakin banyak orang yang menganggur.,negatif
Persaingan dalam mencari pekerjaan membuat saya merasa semakin stres.,negatif
Gaji yang rendah di banyak pekerjaan membuat saya merasa tidak dihargai.,negatif
Saya merasa tidak ada kesempatan yang cukup bagi orang-orang dengan latar belakang sederhana.,negatif
Banyak pekerjaan yang menawarkan upah kecil meskipun pekerjaan tersebut sangat menuntut.,negatif
"Pekerjaan yang sesuai dengan kemampuan saya sangat sulit dicari, saya merasa tidak ada jalan keluar.",negatif
Sulitnya mencari pekerjaan membuat saya merasa terjebak tanpa solusi.,negatif
"Setelah berbulan-bulan mencari pekerjaan, saya merasa tidak ada kemajuan sama sekali.",negatif
"Sulit mencari pekerjaan dengan kualifikasi saya, terutama di luar kota besar.",negatif
Terlalu banyak persaingan dengan pelamar yang lebih berpengalaman dan muda.,negatif
"Di Indonesia, lebih sulit mencari pekerjaan yang sesuai dengan keinginan dan keterampilan.",negatif
"Lowongan pekerjaan sangat sedikit, dan banyak yang meminta pengalaman yang sangat tinggi.",negatif
Saya merasa tidak diterima hanya karena saya tidak memiliki koneksi yang kuat.,negatif
Banyak perusahaan lebih memprioritaskan pengalaman ketimbang potensi karyawan.,negatif
Gaji yang sangat rendah di banyak pekerjaan membuat saya ragu untuk melanjutkan pencarian.,negatif
Pekerjaan yang sesuai dengan latar belakang saya tidak banyak tersedia di Indonesia.,negatif
Sulit mencari pekerjaan yang tidak hanya menawarkan kerja keras tanpa ada penghargaan yang layak.,negatif
"Pekerjaan di sektor tertentu sangat terbatas, membuat saya semakin bingung mencari jalan keluar.",negatif
"Saya sudah mencoba berbagai cara, namun saya masih tidak bisa mendapatkan pekerjaan yang tepat.",negatif
Saya merasa terhambat dalam mencari pekerjaan karena keterbatasan kemampuan saya.,negatif
"Banyak perusahaan yang hanya mencari karyawan dengan pengalaman yang tinggi, menyulitkan saya untuk diterima.",negatif
Pekerjaan yang ada sering kali hanya memberikan jaminan yang sangat sedikit bagi karyawan.,negatif
"Saya merasa bahwa peluang pekerjaan semakin sedikit di Indonesia, terutama untuk pemula.",negatif
