username,comment,time
@haffiayandi3126,Solusi terbaik kabur aja dulu. Semoga awal tahun 2026 sudah bisa kerja di ln.,8 minutes ago
@ekoyepe4799,Sengeri ini ya ternyata,11 minutes ago
@mideapisces3591,"jadi petani sawit adalah solusi, coba mulai latihan dodos, angkong, dsb",11 minutes ago
@NH-Maple,Mending dari kecil di didik jadi pengusaha atau Wirausaha daripada jadi Pekerja.,15 minutes ago
@adnansuryanaputra8607,"Dikondisi skrg punya kerja apapun itu, gaji berapapun itu harusnya udah bersyukur karena termasuk ke org yg beruntung. step by step aja nanti jg berkembang daripada cape nyari kerja",20 minutes ago
@LemuSultan,"Apabila pemerintah belum bisa memberikan banyak lapangan pekerjaan, maka pemerintah perlu memperbanyak peluang dan menjadi jembatan bagi lulusan SLTA dan kuliah untuk berkarir di LN, sebagai contohnya bekerja di Jepang atau Australia yg memang jadi minat para pelancong tanah air. 

Kementerian tenaga kerja perlu banyak bekerjasama dengan perusahaan yg ada di kedua negara tsb. 

PTN dan Sekolah juga perlu mempersiapkan siswa dan mahasiswanya ilmu pengetahuan dan komunikasi yang sesuai dengan negara tsb.

Setidaknya mereka yg kerja di LN akan punya banyak ilmu yg tidak ada di Indonesia dan mungkin juga kedepannya akan membuat usaha lapangan pekerjaan baru.",23 minutes ago (edited)
@ED-lk7il,"Udah 2 tahun ini nganggur setelah saya punya usaha tutup di April 2023. Masih aktif jadi job seeker, puluhan (atau ratusan?) CV ditebar, dapat interview cuma beberapa kali (4 kali kalo ngga salah), usia makin bertambah karena sekarang sdh 40... pengen cari kerja diluar negeri (yg tidak ada batasan usia utk para pencari kerja) tapi bingung caranya gimana. Ikut kursus beberapa bulan kemarin (pertengahan sampai akhir 2024) tapi masih belum beruntung.

Dengan usia segini dan bersaing dengan para lulusan baru bikin mental agak down. Walaupun istri msh bekerja, tapi tekanan mental sebagai (seharusnya) pencari nafkah utama bener2 luar biasa. Ditambah kondisi ekonomi negara yg kayak gini, kira2 saya bisa bertahan ngga ya?",37 minutes ago
@anjlok4169,"makin lama dunia kerja makin sempit dr butuh 10 orang tinggal 5 orang dibutuhin. suatu saat nanti banyak s1 yg jd satpam,kurir. daerah rumah gw satpam nya mulai banyak yg s1",45 minutes ago
@oozaq9380,Lulus D3 THN 2023 sampai sekarang blm ad panggilan wawancara mentok tes psikotes ngelamar di bandara+maskapai susah bnget teman seangkatan aja pake ordal ğŸ˜¢,49 minutes ago
@starburst99,"Gw otw kabur aja dulu bang. Di indo gw padahal kerja di perusahaan besar, tapi karena memang bonus demografi kita ini terlalu besar jadinya manajemen bertindak sok2an ga butuh karyawan.

Perusahaan janji kalau target tercapai bakal tambah karyawan, tp aktual udah target pun karyawan di kurangi. karyawan yg tersisa disuruh rangkap 2-3 posisi dgn gaji yg ga nambah sepeserpun dgn alasan perusahaan ga punya budget. Tapi kalo atasan pengen apa2 claim kantor lancar terus",1 hour ago (edited)
@adityawardhana5103,"Coba boycott film luar negri, novel dan komik, biar produk dalam negri yg banyak jobğŸ˜®",1 hour ago
@DrHape-sq2hs,Mic nya sember bgt kirain headsetku rusak..,1 hour ago
@durivlog123,"Suaranya mirip retmond chin, apakah ini adiknya ?",1 hour ago
@mideapisces3591,nanti siapa yg jadi pekerja nya?,9 minutes ago
@mikokawibawa,Para Wirausahawan Baru bukan Nya dibimbing bayar pajak tapi dikasih surat cinta saat bayar pajak,2 hours ago (edited)
@aalmubiyyin,Bang.. Pesannya untuk lembaga pendidikan menengah dong.. Sy rasa minimnya tingkat entrepreneur saat ini salah satu penyebabnya adalah dosa lembaga pendidikan yg hanya mencetak pencari pekerja.,2 hours ago
@rudypurnomo1658,"Pengusaha juga susah cari tenaga kerja yang berpendidikan dan loyal, tanpa ancaman demo, mogok kerja, sering ijin acara keagamaan/keluarga, telat masuk kerja, dll",3 hours ago
@dedikurniawan5061,"ada 1 cara lagi yaitu buat usaha sendiri, bisa bertani, ternak, tambak
cuman yang jadi problem utama adalah afternya, banyak program pemerintah seperti pelatihan, pemberian bantuan berupa alat dan sebagainya tetapi yang menjadi masalah adalah ""bagaimana cara mencari pasarnya?"" ""bagaimana cara membuat marketnya?"" sehingga para perintis ini berakhir dengan tengkulak yang kemudian memonopoli harga.. 
harapannya pemerintah juga bisa menaungi para petani dan peternak dengan dengan menetapkan standar nilai harga jual supaya apa, petani dan peternak sejahtera, dan profesi ini diminati oleh anak muda..",3 hours ago
@esaajji,"Umur 35th saya masih cari kerja dan 3th sampe skrng masih menganggur. Dan 2th terakhir bener"" nyalahin pemerintah atas nasib saya sendiri yg susah bgt nyari kerjaan. Bisnis pun ga mudah untuk skrng dengan daya beli yg turun ğŸ˜¢.",3 hours ago
@iyanpekanbaru007-f8p,"Knp harus cari lowongan kerja
?kita bisa bertani dg lahan sendiri atau paruhan.bisa jd kuli bangunan atau dagang dg modal kcl jg bisa.ayolah jangan terlalu  ngandelin perusahaaan besar buat cr kerja.kita bisa cr cuan dg mandiri",4 hours ago
@Berfikir101persen,"kebalik woy supply penawaran, demand permintaan, bukan dibalik bambang wkwk",4 hours ago (edited)
@mideapisces3591,"setuju, lahan sawit kita luas bisa jadi petani sawit",8 minutes ago
@Gukk123,irony.. sepertinya memang yg belum kerja disini.. perlu nambah skill utk mengadu nasib di luar negeri...,5 hours ago
@Ø§Ù„ÙˆØ¬ÙˆØ¯ÙŠØ©Ì£Ì‚Ì€Ì‰,"kalo saya freelancer...
biasa apply ke 10 project, baru tembus 1...
1 project rata2 nilainya 60-70 juta 1 taun
ngak sekeras full time job...",5 hours ago
@Alimugeni,Thankyou malaka ğŸ™ğŸ»,5 hours ago
@workmusicbgmchannel9253,"btw hardskill? ya softskill lah, karakter bro.. hardskill bisa diganti AI, softskill kejujuran akhlak dsb nggak bisa",5 hours ago
@dikapmadyaa,audionya ngepeak btw @crew,5 hours ago
@rev7hexid560,"Kt ga kurang enterpreneur kok bro , masalah kt itu birokrasi kt rumit , ada segala macam hal yg perlu di urus dan utk mengurus itu sampe d proses butuh uang , org baru bikin usaha aja ada berbagai macam syarat dan administrasi yg harus d penuhi dan itu perlu uang jg spy d proses sampe kelar , di tambah lg tuntutan umr harus sekian , asuransi ketenagakerjaan , pungli , pajak dll wah bnyk sekali keluar uang , smntara gk ada kepastian produk atau jasa yg di tawarkan bakal laku karna saingannya bkn hanya perusahaan lokal sj tp perusahaan asing yg disini jg monopoli , salahnya di mana ya salahny di negara ini yg emang sudah broken , dr sistem dan pejabat""nya bahkan pns""nya udh rusak",5 hours ago (edited)
@MrSandra168,"Bantu pembentukan umkm permodalan kecil, permudah open new business,lindungi , setidaknya akan ada perputaran uang di sana dan lapangan kerja baru jika tidak mampu membuat pabrik",5 hours ago
@ZaltraCoffee,"Percuma juga sih kalau di tambah pengusaha sedangkan ujung""nya syarat yang gak masuk akal apa lagi masalah umur dikira  umur diatasnya batas itu fosil apa gimana ğŸ˜…,orang dalam ,dkk 
dan sedangkan diperparah model kerja pemerintah malah mayoritas korupsi ,keliatan kerja aja meeting mulu tapi gak ada hasilnya ,foya"" yang bikin kecemburuan sosial wtf",6 hours ago
@AndriAjin,"Tenang mas wapres bilang, 19juta lapangan kerja. Pas debat pilpres...",6 hours ago
@dclan9813,"Mau pendapat sedikit perihal ""ordal""

Menurut gue mindset orang perihal ordal itu terlalu hitam aja, padahal ""nyari ordal"" itu skill yang harus dimiliki, yaitu dengan sebutan ""networking"". Yang namanya ordal itu ngga harus dari keluarga, tapi bisa dari alumni kampus dan temen olahraga. Selain itu, kemampuan kita untuk memberikan impresi sama orang lain itu juga skill yang dibutuhkan buat jadi ""ordal"".

Pengalaman pribadi, gue pernah 2 tahun bolak-balik nyoba nyari kerja dari linkedin dan jobstreet tapi ngga membuahkan hasil setelah ratusan lamaran. Tapi, akhirnya bisa dapet kerja yang oke berkat aktif main bola di tim alumni, dan nggak ragu buat berkenal sama orang tua disitu, terutama yang udah punya posisi di tempat kerjanya.",6 hours ago (edited)
@satriaamiluhur622,"Nyari kerja gk sulit, yg sulit itu cari kerja yg gajinya cukup buat hidup. Sebetulnya banyak warung/tenant/umkm yg nyari karyawan, tapi gajinya paling cuma 40k sehari. Buat makan aja mungkin kurang. Punya tetangga buruh cuci kerja dari subuh sampe maghrib cuma dapet 60k sehari. Padahal anak 3. Miris sekali",6 hours ago
@gilangnovaldo7009,"Kombinasi dari pemerintah yg ngk becus, Ngk tegas, dan rakyat yg semau nya sendiri,dsb mengakibatkan Indonesia tiap tahun makin bobrok.

Tinggal kita tunggu aja Indonesia bakal jadi next india ( klo belum dihancurin presiden sendiri)",6 hours ago (edited)
@uncleheri,"Masih banyak yg nganggur,,bingung juga mau bertahan di Indonesia, investor takut sama koruptor, pungli, premanisme, banyak kerusuhan. Karena polisi juga menyepelekan ketidak adilan.",6 hours ago (edited)
@SuarSatya,"Ormas, premanisme, para provokator buruh/pekerja, sangat mengganggu para pengusaha dari kecil sampai besar, tapi yang utama adalah SDM Indonesia masih dibawah standar, terutama untuk bisa berbahasa Inggris, kadang berbahasa Indonesia resmi saja juga masih kacau, belajar berlogika yang runtut dan kritis, fokus untuk meningkatkan nilai diri lebih tinggi.",6 hours ago
@ferdiwiratama9568,Jadi pengusaha tapi ekonomi lesuğŸ˜¢ğŸ˜¢ğŸ˜¢,6 hours ago
@Yoedi16,"Permasalahannya jelas ga usah bingung2 nyari, terlalu banyak populasi manusianya, liat negara dengan populasi yang lbh sedikit kaya jepang, Malaysia mereka bisa import pekerja dari luar, di indo udh membludak jumlah populasi ga sebanding ama lapangan pekerjaan nya, manusia2nya merasa nikah muda dan punya banyak anak sebuah prestasi dan investasi masa depan",6 hours ago
@nendraprimasta890,"Cuma orang Jawa yg bisa memakai kata ""aku"" dan ""-ku"" yg pas. Mohon maaf, agak gatel dengar penggunaan ""aku""-nya di awal video ğŸ˜…

Nice info, BTW. Terima kasihâ€¦",6 hours ago
@rizalwijaya9390,"Pertanyaan bang, 
Lebih realistis Indonesia emas atau Indonesia gelap dengan segala keadaan yang terjadi sekarang?",6 hours ago
@pawdaypay,"Terimakasih untuk penjabaran dan penjelasan lebih lanjutnya bang, setuju sih dari dulu mulai banyak gerakan untuk mending usaha sendiri daripada jadi karyawan orang lain. Tapi orang lupa bahwa membuka usaha tidak semudah itu, apalagi mempertahankannya sehingga minimal bisa melewati Break Even Point. Selain itu, penambahan wirausaha tidak akan serta merta semua tenaga kerja bakal bisa terserap dan masalah pengangguran selesai.",29 minutes ago
@donvedro8668,"yakin anda 36,9%? itu sepertiga lho? ga mungkin",15 minutes ago (edited)
@FindBp,"Ane ngalamin juga, padahal cuman butuh istilah kasarnya ""helper"" yg gak fulltime 8jam  karena usahaku baru jalan 1 tahun, salary pun jujur di bawah umr. Aku iklan ke akun ig info kota domisiliku, ga sampe 1 jam semenjak dibikin story chat whatssapp langsung numpuk. 

Dalem hatiku... Kasihan yah ternyata yg mganggur desperate dibawah umr aja masih banyak banget yg minat.",7 hours ago
@rifarira9160,"Mager jadi pengusaha bang, preman nya banyak wkwkw",7 hours ago
@Emputawa,"pernah ngepost lowongan kerja dulu , cuma butuh satu , yang daftar sampe 2 tahun masih ada yg ngirim email",7 hours ago
@dono0335,"Kalo menurutku gelombang pengangguran semakin membesar dengan adanya wajib sekolah 12 thn sehingga standar milih kerja jadi naik karena lulusan smk sangat amat banyak dan akhirnya pada berburu gaji yang umr bahkan diatas umr padahal gak punya nilai jual, akhirnya lebih baik nunggu loker yang jelas Penghasilan sampai lupa sudah menunggu terlalu lama",7 hours ago (edited)
@majelisshalawatnurmuhammad,"OJOL TERMASUK PEKERJA APA PENGANGGURAN?

BAHAS DONG?

PEMERINTAH HARUS BERTANGGUNG JAWAB MEMBUKA LOWONGAN PEKERJAAN KARENA ITU TUGAS PEMERINTAH SEHARUSNYA.",7 hours ago
@sandikafernandes8646,"Sebagai pengelola usaha kecil menengah, aku justru sering kesulitan mencari kandidat yang benar-benar sesuai. Banyak pelamar yang belum punya pengalaman dan belum siap kerja fleksibel, tapi sudah punya ekspektasi tinggi terhadap pekerjaan. Padahal, di UKM seperti kami, dibutuhkan orang yang mau belajar dan siap bantu di luar jobdesk saat dibutuhkan.

Ironisnya, pengangguran tinggi, tapi kebutuhan tenaga kerja juga nggak terpenuhi karena gap ini. Mungkin inilah tantangan besar kita di dunia kerja: masih banyak yang belum siap secara skill dan mental, tapi berharap pekerjaan ideal. Semoga ke depan makin banyak pelatihan kerja yang relevan dan mindset kerja anak muda juga makin berkembang.",7 hours ago
@ANALISISLAPORANKEUANGAN-od6yi,"apasi gajelas Jerman punya BMW kita juga punya kok, ESEMKA",7 hours ago
@Niaaaa2512,"Pengalaman saya sebagai umkm, buka loker penjaga toko sekali posting yang apply hampir ratusan. Bahkan ada yang lulusan S1. Bener-bener mencari pekerjaan sesusah itu sekarang. Gatau peran pemerintah apa",8 hours ago
@tsuitachi_dtm,hadeh banyak komen judol meresahkan,8 hours ago
@andraem6574,Kabur aja dulu ke Kamboja,8 hours ago
@RisXdXd,Pekerjaan lepas bang,7 hours ago
@user-16757,"gw kasi saran bang mungkin membantu. gw tinggal di denmark pernah kerja bantu2 pindahan rumah. waktu itu disepakatin brp jam nya. trnyaya ada kendala jam nya jd lebih gw distop yg hire gw bilang dia ga mampu klo bayar lebih dr jam yg disepakati. gw dg sukarela tetep bantu sampe selesai. 
gw jg pernah kerja di resto owner nya bilang blm bisa bayar full time jd gw part time dg jobdesk jelas ngerjain apa aja. gw pernah sukarela kerja lebih dr jam yg dia kasih ditegur sama bos gw jam gw udh selesai. biar yg pekerja satunya yg  fulltime sama dia yg handle pdhal gw bilang gpp krn gw gabut jg dirumah. 

 kesimpulan nya bayar karyawan sesuai kemampuan. gw paham umkm mau maju. tp lu jg gabisa ngarepin ngegaji org dg kemampuan umkm tp karyawan lu ngerjain kerja yg ga sesuai jobdesk diawal perjanjian. karena klo pun usaha lu maju karyawan lu ga bakal se kaya lu jd bukan kewajiban mereka buat kerja sekeras lu. ada pengusaha pernah bilang â€œmake your employee loyal to you. they will willing to die for youâ€ 

tante gw pengusaha bakery rumahan bang karyawannya ada 10 kerja dr jam 8-6 kerjaan bagian2 nya udh jelas yg kerja walaupun udh tua2 tetep awet bertahun2 gw tiap balik ke indo masih itu2 aja karyawannya. ada covid2 kmren juga masih bertahan krn berkah pendapat dia turun jg ga langsung potong gaji karyawannya dia bilang pke uang tabungan dia dulu buat bayar gpp drpd potong gaji karyawan. inget bgt pas awal2 rintis dia karyawan cuma 2 klo kerjaan blm selesai dia yg ngga tidur karyawannya tetep disuruh pulang. 

mungkin selain dr pelamar yg introspeksi dr lu nya bisa juga introspeksi bang knp nyari karyawan ga dapet2 bisa jadi ekspektasi lu juga ketinggian.",4 hours ago (edited)
@satrofajar,"Gajinya pegawai/buruh suram sih rata2 di jabodetabek UMR cuma 5,5 jt ğŸ˜… tambah tunjangan juga paling 9-12 jt ğŸ˜…ğŸ˜… mending jadi kang parkir auto kaya malak warga indo yg sdm rendah ğŸ˜‚",8 hours ago
@greymanprojects6712,"halo malaka. umur saya 40 tahun dan saya sdh hampir 25 tahun berkecimpung dibidang creative. terakhir saya bekerja sebagai art director disebuah perusahaan selama 10 tahun. di awal januari kemarin saya resign dari perusahaan karena satu dan lain hal. dan mencoba memulai mencari kerja. posisinya gak jauh dari sebelumnya, art director, creative lead, creative manager dsb. dari setiap lowongan yang saya kirim, muncul juga notifikasinya brapa banyak yang telah mengirim. dan yang mengejutkan adalah, bahkan pada posisi managerial pengirim lowongan nya ada mulai dari 800 sampai 1500 untuk 1 posisi. Jika itu posisi managerial dsb maka bisa kita bayangkan gimana kalau posisinya junior, atau bahkan fresh graduate. dari situ sepertinya makin sulit jika saya turut berkata, NEGARA KITA SEDANG BAIK BAIK SAJA. 

untuk teman2 yang sedang berjuang mencari pekerjaan, SEMANGAT YA. dan semoga diberikan kemudahan.",8 hours ago (edited)
@everything_ooo,"Sedih memang mengetahui fakta bahwa juta-an orang masih berjuang hanya untuk mencari kerja ğŸ¤§.

Tapi.. yg perlu kalian tahu adalah gaji UMR yg 4 - 5 Jt per bulan itu adalah impian dari belasan atau bahkan puluhan juta orang, baik yg sudah kerja ataupun yg belum.

Dan dengan biadapnya para koruptor korupsi sampai triliunan padahal gaji mereka bisa 20 - 50 Jt per bulan.

Dan kau tau apa ? Ya.. Mereka hanya dihukum tidak lebih dari 20 tahun penjara bahkan ada yg hanya 5 tahun.

Entahlah speechless saya ğŸ¤§",8 hours ago
@Ngomongin_hewan,"Nyerah ngelamar karna buta warna parsial, akhirnya ikut bokap jalanin usaha, mental sih yg agak kena di situasi yg daya beli menurun",8 hours ago
@AriyanaAbdurohman,"Yang apply bukan pengangguran sj kok, kadang yang sudah kerja pun ingin upgrade koneksi di tempat lo",8 hours ago
@abrahamarghya4414,"sori tapi solusi lu yang pertama gw kurang setuju bang, kalopun lu bilang banyakin entrepreneur itu dikasih tau contoh ide-ide bisnisnya biar yang nonton disini tahu bayangannya mereka bakal bisnis apa yang bakal potensi gede banget kedepannya. dan gw percaya kalo ga semua orang bisa jadi entrepreneur.",8 hours ago
@rajahutan1698,KOSONG SEKALI,8 hours ago
@anonyw2993,"gimana jadi pengusaha, dikit dikit di palak, dikit dikit di pungli.... :V",8 hours ago
@praditayudha430,hidup di indo semua tentang mode survival,8 hours ago
@ahmadfirgar7067,"Yg lu omongin gua se7 bang, tpi kenapa investor luar pada cabut adlh KORUPSI DARI BANYAK SEKTOR dari yg pake seragam sampe yg engga contoh kya ormas dll,
Pliss lebih besuara trus mengenai KORUPSI baru bicara gagasan/ ide yg lainya",9 hours ago
@antonmedan_,"sebenarnya simple, semua ormas, rt/rw, desa, dilarang pungli ke perusahaan.",9 hours ago
@workmusicbgmchannel9253,karena satu dan lain hal? pasti ada yang toxic ya di kantornya? atau ente yg toxic om? cb muhasabah diri ya,5 hours ago
@hiszbulbahri6226,"â€‹Â @workmusicbgmchannel9253Â  Kenapa malah salfokus ke masalah pribadinya, aneh bener ğŸ˜®â€ğŸ’¨",5 hours ago
@deckardcraigwyrn4401,â€‹Â @workmusicbgmchannel9253Â  poinnya bukan itu deh keknya ğŸ˜†,4 hours ago
@Ngomongin_hewan,"Skill gua di bidang 3d modeling, 3d texturing, 3d rigging dan simulasi dikit2, tapi disini masih kureng dihargai",8 hours ago
@zacksupreme,"gw juga parsial bang, akhirnya jadi programmer aja",7 hours ago
@ahmadfirgar7067,Dapak dari korupsi luas bgtt jdi plis besuara untuk itu biar masyarakat bisa lebih teredukasi,9 hours ago
@antonmedan_,"kalo didengerin di speaker, suaranya Semberrrrr",9 hours ago
@faridnubaili7917,"Saatnya berpikir logis dengan data, jangan habisin tenaga di emosi mencari kerja.",9 hours ago
@sukoaji9420,"anggap aja audio clip / peak/ pecah yang setting kebetulan anak magang / karyawan baru belajar job desc baru. 

jadi jangan di masalahin, tpi dukung terus talenta mereka. udah bagus ada konten kyak gini. âœ¨",9 hours ago
@DindaAyu-t3g,Bonus demografi=banyak pengangguran=pemerintah gak becus,9 hours ago
@rachmadhidayatullah102,kontennya bagus. audionya jelek bro,9 hours ago
@alterize6496,bang audionya bang benerin terlalu ngebass,9 hours ago
@Kimrio910,Terimakasih sangat bermanfaat,9 hours ago
@workmusicbgmchannel9253,"sy kira nggak bagus ya, ini mah pemikiran umum cmn dikemas doang sm malaka. ga ada yg baru sama sekali.",5 hours ago
@rifkilazuardiazra24,"Iya, gak jernih",9 hours ago
@Koleksipaul,"cari kerja memang sulit , untuk usia2 yg sdh up 35 seperti saya ditambah banyaknya anak muda yg lebih up to date dgn teknologi , terasa sdh pesimis duluan , jadi ttp stay di tmp yg masi aman masi menjadi pilihan, wlpun sdh 3thn tidak ada perubahan , bersyukur , kerjakan kerjaan sebaik2nya , ttp berusaha up to date wlpun lbh sulit jika dibanding yg muda .",9 hours ago
@misheyla783,"Makasih bgt udh upload ini, jadi diingatkan buat fokus di satu bidang, disaat gue yg masih nyoba skill baru sana sini, demi opportunity ğŸ‘",9 hours ago
@aaaabcdefgha,"buat yang permasalahin ordal, nepotisme. pertanyaanny, kenapa ga bangun networking dari dini, bangun koneksi ke banyak orang dan jadi prioritas ketika ada opportunity kita jadi orang pertama yang dihubungi.",9 hours ago
@alifp2077,Cakep editannya min,9 hours ago
@andifebryanto2680,"Kabur aja dulu = ekspor sdm, tapi sayang pendidikannya ğŸ˜¢",9 hours ago
@ciptaan_ayah_ibu,"gue malah kepikiran out of the box
klo berkaca dr luar negeri, ada bisnis-bisnis yg di bangsa barat buka tapi disini terlarang, seandainya dibuka PASTI membuka banyak lapangan kerja baru
prostitut, film dewasa, minum2an keras, perjudian, senpi, surrogacy, pembiakan binatang langka, dll.. ingat kita 280juta penduduk, tiap tahun 5jt bayi lahir, pilihan pekerjaannya mesti diperbayak.. saran gila aja sih ini",9 hours ago
@ficorochama3326,Apakah ini dampak dari overpopulasi,9 hours ago
@Airrazor0620,"Gk usah berharap sama presiden sama pemerintah ya buat dengerin dan ngelakuin sesuatu soal isu ini, presiden kita gk mau dengerin :), wakil presiden kita juga baru baru ini keliling2 buat nyuruh rakyat makai teknologi yg bakal buat pekerjaan lebih hilang kedepan nya, ngajarin kita buat nyolong hasil kerja orang dan lebih malas dengan pake AI, beliau lebih mikirin sesuatu yg lebih gampang, cepat dan gratis :) masalah impactnya ke yg lain itu gk penting :) pemerintah apalagiâ€¦ kalian kasih pertanyaan mau se urgent dan sepenting apapun yg balik angin juga.. so do it yourself.. kalo bisa bantu orang2 lain di masa masa yg sulit ini, do it. Good luck temen2",9 hours ago
@jeffryjoris9708,Nepotisme dan orang dalam nya partai coklat dan hijau telah merajai pasar tenaga kerja di Indonesia,9 hours ago
@rinaldypriawan5000,Gimana kalo pengangguran2 ini dsuru jadi petani aja yak terutama yg genzi2 ini.. saya liat petani2 skg uda pada tuir2.. didaerah saya banyak lahan tani gak digarapğŸ˜…,10 hours ago
@workmusicbgmchannel9253,pas muda nggak belajar kah?,5 hours ago
@agussatria7138,"nggak bakal bisa sih bro, negara kita soalnya bertumpu ke sila Pertama ""Ketuhanan yang Maha Esa"". Jadi segala sesuatu bisnis yang berhubungan dengan hal-hal kotor tersebut nggak bisa dilakukan terang-terangan dan legal. Mau gimana lagi, kalo kita menyangkal hal ini kita bakal dituding menista agama disini",7 hours ago
@RisXdXd,Bener sihh,7 hours ago
@agnosticperson9583,"Kabur aja gak pake dulu, pemerintahan sendiri nyuruh kabur aja, kalau bisa gak usah balik lagi ğŸ˜…",9 hours ago
@Airrazor0620,"@ ğŸ˜‚ yakan wkwk, banyak kasus kalau sukses atau terkenal disana, baru di akuin sama pemerintah oh ini anak bangsa kita berprestasi di luar negeri bla bla bla terus di undang pulang ke indo ketemu foto2 sama pemerintah yg kemarin ngomong pergi aja sono kalau perlu gk usah balik lagi :â€™)",9 hours ago
@s8LestarinsyKkr1178,Gas sekarang Bonannja gaciir pol jackpot terus-terusan,9 hours ago
@AguscLycEN88,Auto happy 5 menit gas weedey dua juta bikin senyum terus,9 hours ago
@AguscLycEN8871,Cepet banget Baru 5 menit saldo naik dua juta,9 hours ago
@AguscLycEN168,Yang belum cobain gas sekarang Bonannja lagi gaciir,9 hours ago
@AguscMvCyH8871,Cepet banget Main bentar doang saldo langsung nambah dua juta,9 hours ago
@AgusczdKmn,Santai dulu eh saldo udah nambah dua juta,9 hours ago
@AguscLycEN138,Parah sih Bonannja bikin rekening naik terus tiap hari,9 hours ago
@AguscMvCyH168,Bonannja di sini beda level gaciir maksimal tanpa henti,9 hours ago
@AguscMvCyH,Weedey makin edan jeppe kali ini pecah parah,9 hours ago
@AguscLycEN1178,Barusan WD cuan makin sadis gak ada kata rugi,9 hours ago
@AgusdnLwEg,Main sebentar weedey dua juta saldo makin ngebut,9 hours ago
@anonyw2993,"sayanganya di tekan sama pemerintah bro petani tuh. harga pupuk mahal, jual di batesin harganya. eh tau2 pemerintah impor dari luar dengan harga murah. sedih emang.",8 hours ago
@rizkyadiyanto7922,asal ada cuannya ya ayo lah.,7 hours ago
@icethebears,"kalo jadi petani ada cuannya, pasti anak petani juga disuruh jadi petani, kenapa malah disuruh masuk instansi.",7 hours ago
@FindBp,"Logikanya, kalo bertani itu cuan maka petani itu pasti bakal warisin tanah taninya ke keturunannya. 

Tapi yang terjadi apa? Tanahnya malah dijualin buat projek perumahan. 

Dari situ aja harusnya tau kalo bertani berarti gak cuan di negeri ini.",6 hours ago
@nicoa1261,Di kira speaker gw rusak... Ternyata mic burik ğŸ˜‚ğŸ˜‚,10 hours ago
@afrizaalfarisi6381,"Indonesia ga susah cari kerja, yang susah cari kerja cma pulau jawa, jadi kalian sendiri yang membatasi diri pengen kerjanya disitu2 aja, ga mau merantau ke pulau lain",10 hours ago
@Badboy-dx7sf,"Gengsi juga berpengaruh dalam mencari kerja, terkadang kalau sudah sarjana maunya kerja yang langsung enak, gak mau dari bawah dulu",10 hours ago
@bagustriatmaja9034,"Siapa disini yang udah ada ide usaha tapi mengurungkan niat karena lingkungan banyak pungli, preman, dan ormas??? 'âœ‹âœ‹âœ‹âœ‹",10 hours ago
@annazhi99,info kerja di jepang guys ğŸ¥¹,10 hours ago
@JonPedro-n8p,"Gap knowledgenya bakalan makin luas antara miskin dan kaya. Dalam artian skill yang harus diasah menggunakan uang, dan waktu yang terus bergerak cepat sebanding perubahannya yang bikin skill yang dipelajari bakalan expired. Dan tentu saja saingannya, dan akses ke sumber daya. Dan gitupun masih dibilang malas dan suka ngeluh.",10 hours ago
@ririqwasilah,dapet kerja gampang tpi gaji kecil,10 hours ago
@tommylyandy8068,yang bener cari OD pasti cepet,10 hours ago
@FarhanAditya-j8n,"Yo yang masih belum dapet kerja saya doain yang terbaik semoga dapet penghasilan, saya aja kerja gaji di bawah umr kadang masih ngeluh tapi mau gimana lagi kerjaa  susah gak memungkinkan buat keluar kerja",10 hours ago
@harisdwicahyo8510,"warga dan masyarakat semangat buka usaha, tapi dipalakin mulu ama yg seharusnya membantu dan juga yg seharusnya dibubarkan aja. dan dimasa sekarang keknya lagi susah suahnya juga jualan juga soalnya yg kelas menengah pada nyimpen uang karena kondisi ekonomi yg masih sangat fluktuatif. yg kelas bawah duitnya pada di judiin. kan anying bagi yg lagi buka usaha. Yg paling masuk akal untuk orang kagak mampu ya belajar ampe mampus dan cari kerja di luar dengan freelance dan remote work.",10 hours ago (edited)
@satriapungkas,"kepengen buka usaha sendiri, tapi bayaran dari tempat kerja pas-pasan T_T",10 hours ago
@oranyeoranye7141,Thn 98 juga susahğŸ˜‚,10 hours ago
@xemangatz,"CMIIW... ğŸ™ Saat ini situasi yang sulit. Jumlah lowongan kerja tersedia 1.5 juta berbanding pencari kerja 10,5 juta (pengangguran 7,5 juta + lulusan baru 3 juta). Tenaga kerja yang baru di-PHK  belum termasuk.  Satu Solusi di video tadi untuk pencari kerja :  Tambah skill ubtuk kerja di dalam negeri /luar negeri. Dua Solusi di video tadi untuk wirausaha : 1. Wirausaha kelas Bawah (UMKM) ditambah jumlahnya. 2. Wirausaha kelas Menengah di Scale Up usahanya.  Untuk jangka pendek yang berpotensi untuk jembatan pencari kerja dan wirausaha : Scale Up wirausaha kelas menegah, agar bisa menampung sebagian pencari kerja. ğŸ™",10 hours ago
@aryaart8984,"Masalahnya adalah â€œbonus demografiâ€ itu memiliki keinginan kerja di tempat yang bonafit. Gw lebih  menyarankan Indonesia melahirkan sarjana yang siap handle usaha usaha baru yang didukung pendanaanya oleh pemerintah. 

Permasalahan entrepreneur itu pendanaan tapi tidak cukup di sana,  tapi terkait keberlangsungan usaha itu. Dan pemerintah cuma bisa modalin tapi akhirnya dimatikan juga dengan pemain besar (kapitalis)",10 hours ago
@INDRARACHMANTIC,Gw dah berumur dan kena lay off,10 hours ago
@synster02,kaburajadulu,10 hours ago
@HariyantoGamer,Aku berencana untuk membuat tim produksi konten. Soalnya kalau bikin konten sendiri lelahnya gak karuan.,10 hours ago
@stevenlaurencegho194,"Di indonesia mencari kerja susah dikarenakan faktor-faktor yang sudah disampaikan, namun pindah ke negara orang juga sama, malahan perkembangan AI sana lebih jago, bayangin aja 10,000 CV disortir 2 orang karena ada AI. jadi sekarang gak usa mengeluh, lebih baik perbanyak skill, dan pengalaman autodidak. jika tidak bisa masuk ke lapangan kerja, buka lapangan kerja.",10 hours ago
@seftanodika1417,audionya clipping ni mas editor?,10 hours ago (edited)
@abugoshock4196,Nah ini good opini ganğŸ‘,9 hours ago
@integerrandom,"15 tahun yang lalu sy nyari kerja di kota asal (sumatera), ujung2nya ke jawa juga. Karena di kota asal saya lowongan ga banyak, kalaupun ada untuk bidang keahlian saya, karirnya cenderung sulit (karena kebanyakan cuma kantor cabang, beda sama jakarta yang kebanyakan perusahaan kantor pusatnya ada disini)",8 hours ago
@RisXdXd,"Justru lowongan kerja banyaknya di pulau jawa bang, apalagi jabodetabek. Justru banyak orang luar pulau jawa ngerantau kesini karena ya peluangnya lebih banyak disini",7 hours ago
@TheWijasmara,"Lah, ntar giliran udah dapet kerja di luar pulau jawa malah dibilang rebut jatah lapangan kerja akamsi/putra daerah ğŸ˜‚",7 hours ago
@agussatria7138,"halah, entar daerah pulau lain dikerubungi orang Jawa malah akamsinya pada teriak teriak dibilang ngrebut jatah kerja warlok hahaha lagu lama",6 hours ago
@jessejessu,Dari bawah itu maksudnya gali sumur gtu kah?,9 hours ago
@rizkyadiyanto7922,â€‹Â @jessejessuÂ gali sumur mah dari atas.,7 hours ago
@agussatria7138,"mas hal semacam gengsi ini nggak cuma dialami di Indonesia, di Jepang dan korsel sama aja kok. Anak-anak muda lulusan sarjananya lebih milih nganggur ketimbang kerja di manufaktur / konstruksi / resto / pertanian dan sejenisnya (level buruh) apalagi kalo lokasinya di daerah desa meh mana mau mereka maunya kerja kantoran di kota seperti tokyo / seoul minimal kalo part time juga dikota tersebut. Makanya selain masalah populasi, Jepang & korsel juga mengalami gap ini yang akhirnya ngambil tenaga kerja buruh dari Asia Tenggara. Program G to G korea, Tokutei Ginou & Jisshusei Jepang jadi laris belakangan ini",7 hours ago (edited)
@DD-qv8el,terus dibawah juga bersaing sama lulusan SMA SMP. warung seblak yg apply sampe 300 orang. sama aja bersaing dengan lowskill dengan kualifikasi tinggi ujung2nya juga ditolak,15 minutes ago
@Badboy-dx7sf,"@DD-qv8elÂ  belum dicoba kok sudah bilang ditolak bro"", semua orang itu sama, bedanya ada yang berani mencoba dan ada yg cuma ngeluh, semua tindakan itu tergantung dari apa yang kamu lakukan bukan apa yang kamu keluhkan, emang dengan lu ngeluh pemerintah dengerin elu, enggak juga kan",2 minutes ago
@ilmudikit,ğŸ˜…,9 hours ago
@anonyw2993,nah ini sebel nya usaha di Indonesia. gimana mau bikin usaha coba. harus diem diem emang. :V,8 hours ago
@rinaldypriawan5000,Perangkat desa yak?ğŸ˜‚,9 hours ago
@workmusicbgmchannel9253,"semangat, yg penting kejar berkah aja.. nominal akan datang dari arah yg tidak terduga2",5 hours ago
@alexmoriens37,"ituuu buat solusi wirausaha yg ente sebut itu juga harusnya jadi bahan evaluasi buat PEMERINTAH, mereka harusnya melek dan mengambil kebijakan yg terarah untuk paras wirausaha tersebut",6 hours ago
@workmusicbgmchannel9253,nggak ada solusi dari video ini. yg jelas solusinya adalah diri lo sendiri. lo inisiatif. lo gerak. insya allah bakal nemu rejeki lo. jgn rebahan doang,5 hours ago
@TheRazeluXE,"Dr 10jt yg nganggur kira"" berapa persen yg beneran serius cari kerja? Soalnya banyak kenalan ane yg emang orangnya males ga mau kerja... pernah ane tawarin bantu cari kerjaan tp ga mau usaha buat dapetin tuh kerjaan...",3 hours ago
@anartis05,Ikut bang hihihi,5 hours ago
@agussatria7138,"orang Indo yang rame kerja keluar itu bukan sebagai tenaga profesional setingkat keilmuan Sarjana keatas, tapi sebagai buruh yang cuma butuh pelatihan 1-2 bulan & sertifikat semacam SSW sisanya belajar bahasa basic. Yang lagi rame sekarang ya G to G korea sama TG & Jisshusei Jepang.. Biasanya dibidang manufaktur, konstruksi, restoran, pertanian. Mereka butuh tenaga dari Asia Tenggara karena krisis populasi & anak mudanya kebanyakan Sarjana ogah kerja kasar di desa",7 hours ago (edited)
@bimoarif5918,"Semangat, memang susah skrg. Menurutku phk dan kondisi global itu satu faktor, faktor lain y skill dan pengalaman kita.",10 hours ago
@faridnubaili7917,Selamat ka ğŸ‰,9 hours ago
@SaepudinSaepudin-d8g,Ga sekolah malah lebih bagus jadi kang parkir penghasilan besar.. Tambah lagi masyarakat indo banyak yg pengecut jadi gampang di palak.. Jadi buruh paling 9-14 jt gajinya,7 hours ago
@AndriAjin,Tenang mas wapres bilang 19juta lapangan kerja,6 hours ago
@workmusicbgmchannel9253,"org pinter banyak, yg bejo dikit. itu logikanya",5 hours ago
@ginoelektro2033,Editor audio dj awalnya pecah banget. Tolong di cek dan di perbaiki,10 hours ago
@Adicahyz,Terima kasih sudah menyadarkankuu,10 hours ago
@gogorsky,"February ini udh jalan 3 tahun di kantor yg sekarang.
setelah nganggur 1 bulan dan apply 130  cv, dapet 5 panggilan dn akhirnya kantor yg sekarang yg saya pilih.
Dari lulus SMA ga pernah pilih kerjaan secara spesifik, selama mereka bayar upah saya dengan layak dn ngasih jaminan keamanan kerja, pasti saya ambil kerjaannya, makanya banyak banget kerjaan yg pernah di ambil, dari mulai jual nasgor, Medrep, kuli bangunan, Collector lising, surveyor, analis kredit, sales, ngojek, logistik proyek, pelaksana proyek.
semoga temen-temen  yg hari ini lg pada nyari kerja cepet"" dapet kerja atau semoga ada jalan buat bikin usaha sendiri dn buka banyak loker buat banyak org.",10 hours ago
@alifprasetyo7444,Pecat abdul kadir kardingğŸ¸,10 hours ago
@alifprasetyo7444,Pejuang slc mana suaranya ?ğŸ‡°ğŸ‡·ğŸ‡°ğŸ‡·,10 hours ago
@alextan7614,susah manage orang apa lg org sini warlok nya ampun d pekerjakan salah ga di pekerjakan mengganggu. tanggung jawab di dalam pekerjaan kurang,10 hours ago (edited)
@defory95,Kalah sama orang dalam dan yang bayar,10 hours ago
@ridhobaihaqi144,"Ah... jadi inget cerita di X.
Ada yang tempat kerjanya dipaksa ikut job fair kemenaker/dinas tenaga kerja daerah, padahal lagi gak buka lowongan. Tapi kalo gak ikut.... izin usaha tempat kerjanya yang terancam.





My God.... why i was born as indonesian? ğŸ˜­ğŸ˜­ğŸ˜¢ğŸ˜¢",10 hours ago
@syamsulfahrul2690,Kasian rakyat ku warga sipil semoga kalian akan sukses dinegara orang,10 hours ago
@workmusicbgmchannel9253,"kamu cerdas bro, dan sangat berkelas. semoga cita2mu segera tercapai bro. semangat",5 hours ago
@bimoarif5918,"Â @workmusicbgmchannel9253Â  sipp, sy cm menyoroti bahwa masalah utamanya itu gap antara kemampuan si pelamar dan lowongan2 yg ada, yg artinya jika seseorang underqualified berarti ada yg harus diperbaiki/ditambah dari apa yg dia tawarkan. sy selalu berpikir perusahaan itu nyari puzzle, klo org2 lain nawarin 1 potongan dan kamu bisa kasih 2 bahkan 3, y simply kamu udh unggul.",3 hours ago
@bimoarif5918,"Â @workmusicbgmchannel9253Â  pengalaman pribadi, soalnya sy pernah kerja dan salah 1 keunggulan yg sy tawarkan sy bs ngomong inggris near native, yg mana org2 indonesia mungkin banyak yg bagus di teori/listening, tp glagapan pas ngomong. perusahaan itu intinya mereka cari puzzle, klo org2 lain tawarin 1 potongan, kamu bisa kasih 2 atau 3, yitu sign yg bagus. berat emg investasi di skill, lama dan kadang butuh biaya banyak, tp balik lg itu yg harus dikorbanin.",3 hours ago (edited)
@Caucasian_Colonialism45,Keren bang ğŸ‘ğŸ‘ğŸ‘,6 hours ago
@dnldwj,Medrep ğŸ™ŒğŸ™ŒğŸ™ŒğŸ™Œ,40 minutes ago
@HariyantoGamer,"Â @gogorskyÂ  Keren kamu. Gak pilih"" kerjaan.",14 minutes ago
@112irsyad,"Iya, itu keluhan semua perusahaan, karna udah jadi kutukan di Indonesia, kita juga tau kualitas pendidikan ga merata dan ini hasilnya. Klo di perusahaan sya batasi rasio warlok. Klo masih operator aman yg penting SPV harus org kompeten secara keilmuan dan kedisplinan",10 hours ago
@rudysaputra3652,"Majuuu...takkk..gentarrr...!!!
Membelaaa....yangg...bayarrr..!!!
ğŸ¤‘ğŸ¤‘ğŸ¤‘",10 hours ago (edited)
@rinaldypriawan5000,Orang2 dalem macem2 om.. ada yg karna pergaulannya luas.. kenal orang sana sini jadi gampang cari kerjağŸ˜‚,9 hours ago
@defory95,"Â @rinaldypriawan5000Â  kalo ordal aku masih bisa maklumin bang, tapi kalo yg bayar ini lho, aduh aduh",9 hours ago
@misheyla783,"Lgsg kebayang meme beredar, Homer Simpson yg nangis dan ditambahin tulisan 'Ya Allah kenapa aku WNI' ğŸ« ğŸ« ğŸ« ",10 hours ago
@ciptaan_ayah_ibu,"dan masuk jobfairnya bayar, ya ujung2na duit",9 hours ago
@rizkyadiyanto7922,sok inggris tp masih belepotan...,7 hours ago
@Ilham_AT,Yaudah sono pindah ke afrika,6 hours ago
@Banedettta...,"di negara sendiri aja gapunya skill gimana mau ke luar negeri, ke kamboja?",10 hours ago
@Suomitro,"â€‹Â @Banedettta...Â Ngga mesti gapunya skill kok, ada jg yg ga keterima kerja karena kalah ama ordal. Buktinya banyak wni kerja di korea, jepang, taiwan. Kalo yg ke Kamboja wassalam sih ngapain kerja ke negara ekonomi ga lebih baik dari Indo.",9 hours ago
@ProfPrawn,"â€‹â€‹Â @Banedettta...Â  bang... dinegara maju kalo lo cuma punya sedikit skill tetep diterima kerja kok.

Banyak mahasiswa yg kuliah di LN ngambil job sampingan jadi tukang cuci piring di restoran. Dan gajinya pun cukup buat nunjang hidup sehari2.",9 hours ago (edited)
@satrofajar,"Gajinya pegawai/buruh suram sih rata2 di jabodetabek UMR cuma 5,5 jt ğŸ˜… tambah tunjangan juga paling 9-12 jt ğŸ˜…ğŸ˜… mending jadi kang parkir auto kaya malak warga indo yg sdm rendah ğŸ˜‚ğŸ˜‚",8 hours ago
@agussatria7138,"Â @satrofajarÂ  apa kabar buruh pabrik di Jogja yang UMR cuma 2jt tapi realitanya masih banyak yang dibawah 1,5jt. Diromantisasi katanya hidup di jogja itu murah padahal biaya bahan pokok makanan nggak beda jauh, pulsa dimana-mana sama, listrik sama, PAM sama, pajak juga nggak beda jauh. Mau beli barang juga sama aja harganya apalagi kalo pesen dari Jakarta nambah lagi ongkir. Belum lagi kalo ada acara desa, hidup di desa itu kadang lebih boncos lohh soalnya kegiatan sosialnya lebih banyak daripada di kota yang individualis.

 Cuma ketutup aja dari media karena orang jogja tipikal orang yang ""nrimo ing pandum"" alias kelewat ikhlas. Sri sultannya santai-santai aja sampe sekarang cuma peduliin pembangunan pusat kota doang karena rame wisata kabupaten sekitar hidup nelangsa wkwk",7 hours ago (edited)
@lucratyo2285,Â @Banedettta...Â  india ayo berani ga,36 minutes ago
@Meaningless26,Konten yg bagus tapi sekelas malaka kok audionya jelek banget gini ya,10 hours ago (edited)
@KangSayur-e2v,Kayaknya audionya agak pecah yaa ini tiap dia ngomong,10 hours ago
@Yujiro989,Anak presiden aja di cariin krja ğŸ˜‚,11 hours ago
@indonbasic5934,"santai aja semua kerjaan bakal jadi milik tni sama polri
otw dwifungsi",11 hours ago
@whitecamel4538,Nanti ada 19 juta lapangan kerja kok. Kata gibran,11 hours ago
@deltad9150,"susah cari kerja di dalam negeri  ,Ayo pada kerja di luar negeri lah..",11 hours ago
@koalaAcco,Saya pun lulusan top 3 lulus oktober kemaren baru dapet kerja april ini. 6 bulan nganggur. Memang sangat susah cari kerja sekarang.,11 hours ago
@indonbasic5934,"cari kerja susah ehh jabatan sipil diserobot tni dan polri
#TolakRevisiUUTNI #TolakUUTNI #tolakdwifungsiabri",11 hours ago
@stoopixvx,"sebenernya ga masalah kalo persaingannya adil, tapi kan kenyatanyaan jalur ordal masih sangat banyak (ga semua), itu yang bikin gedek sih",11 hours ago
@wouldyoureturntomonke2452,"iya, aneh ini lolos tayang Malaka.
Mengganggu banget audionya ğŸ˜…",10 hours ago
@swardikaaa,kirain hp ku yg jelek ğŸ˜…,10 hours ago
@arjogjachannel,Bukannya desainer Jersey como fc,10 hours ago
@ridhobaihaqi144,Lol,10 hours ago
@rinaldypriawan5000,Dimulai dari ente om.. buka usahağŸ˜ğŸ‘,9 hours ago
@manusiabiasa1351,Udah bisa bahasa apa aja bg?,11 hours ago
@AR7_AR7,Percuma keluar negeri kalo ga punya uang dan ga ada kemampuan basic bahasa asingğŸ˜…,10 hours ago
@nefddcko466,Sok iye ğŸ˜‚,10 hours ago
@agussatria7138,"Â @AR7_AR7Â  sepupu saya baru aja berangkat jisshusei (magang) ke Jepang. Duit cuma ada buat bikin paspor, MCU, sama beli baju musim dingin & koper doang (itupun ngutang saudara & temen), sisanya ngandalin dana talangan dari LPK. Pelatihan mulai dari Agustus sebenernya berangkat akhir februari tapi ada kendala di Visa akhirnya mundur awal April ini. Kondisi awal bener-bener nggak bisa bahasa Jepang sama sekali sebelum pelatihan. 

Mungkin bagi temen-temen yang buntu bisa tiru yg dilakukan sepupu saya ini. Banyak lembaga LPK yang bersedia ngasih dana talangan. Cuma ya gitu, harus sanggup nerima tanggungan segitu banyaknya karena bunga duit talangan ini kalo saya hitung-hitung lumayan mencekik apalagi sepupu saya ini cuma magang bukan kerja resmi (TG). Jadi ketika udah berangkat ke Jepang, jangan sampai ada masalah apalagi sampe di deportasi minimal lunasin dulu itu utang talangan (saya ngomong gini karena udah banyak kasus TKI pulang karena gakuat). Karena kerja di Jepang itu emang berat apalagi kalo dapetnya di konstruksi behh",6 hours ago (edited)
@deltad9150,"Gw bahsaa inggris doang cukup, itu yang difasihin.. dari umur 20 tahun dah kerja di kompeni luar negeri. Singapore, UAE, brunei, SAUDI.
paling lama di brunei 2017-2022.  2022 sampe sekrang di SAUDI.",1 hour ago
@deltad9150,"Semua butuh modal bro. Money+usaha â€‹Â @AR7_AR7Â   cari kerja yang proper gaji layak di indonesia susah.
Bertahun tahum kerja di banyak negara lain sering kok ketemu WNI, entah jadi staf hotel, pramugari dan staf airline maskapai  asing, sopir, scafolder, perawat,  dll. Saingan  sama ana2 phlipine, india.",1 hour ago
@DD-qv8el,Â @agussatria7138Â  total biaya brp bro?,14 minutes ago
@deltad9150,"betul bro , pointnya niat sungguh2â€‹Â @agussatria7138Â ",13 minutes ago
@Koleksipaul,"tp menurut saya dgn km yg lulusan top 3 masi ada ""previllage "" sedikit , itu yg saya alami , perusahaan rata2 mencari sortiran pertama dgn top university . walaupun gk menjamin baik jg balik2 lg ke skill dan personal pribadi masing2. dgn lulusan top 10 saya merasa ms lbh bnyk dipanggil wlpun untuk lolos jg susah , dibanding yg dr lulusan kurang dikenal",9 hours ago
@DD-qv8el,"nganggur 6 bulan di jaman sekarang itu termasuk cepet banget kalo tanpa ordal, jadi ya normal saja apalagi top 3 punya relasi senior di sebuah perusahaan",17 minutes ago
@rinaldypriawan5000,Uda baca isi uu nya blum?ğŸ˜…,10 hours ago
@indonbasic5934,"@rinaldypriawan5000Â  gimana bacanya tol udah di hapus dari web, tau tau udah sah itu nanti",9 hours ago
@Suomitro,â€‹Â @rinaldypriawan5000Â bagi naskah aslinya dong. Katanya naskah yg beredar online palsu. Website resmi dpr aja sampe kini maintenance ga selesai2. Tapi udh sah aja jadi UU.,9 hours ago
@ridwaankurniawan8546,Mungkin aja doi pake ordal dikarenakan emang dari sebelum nyari kerja udah bangun relasi yang baik. Gua rasa fine fine aja,11 hours ago
@perdanaarbi7154,"yang bilang indonesia butuh meritokrasi itu biasanya munafik karena yg ngebunuh meritoktrasi adalah nepotisme, gua sepakat kl seandainya kita tau kita kalah di kompetesi yang bersih kita bisa introspeksi dan belajar lagi untuk bisa jadi yang lebih baik, tapi apa daya tiket buat medapat pekerjaan di Indonesia aja udah berlakunya hanya pakai orang dalam, memang mungkin gasemua tapi kl perbandingannya lebih banyak yang lewat ordal, mau gimana??!?!",10 hours ago
@ronirahmat1814,"â€‹Â @ridwaankurniawan8546Â  justru itu jelek bang, ibarat politik balas budi, dapat posisi itu dijadikan sebagai reward dan tidak berdasarkan kompetensi yang cocok atau kepantasan orang tersebut ada di posisi yang sesuai",10 hours ago
@stoopixvx,"Â @ridwaankurniawan8546Â  nah bro, kalo gitu ga usah bikin loker secara terbuka, lu WA ato calling ae langsung orangnya",10 hours ago (edited)
@rakafaizan1171,Kalo kompeten sih itu namanya relasi dan itu hal yang wajar tentunya pasti orang akan memberi tahu kepada yang ia kenal lalu kompeten. Yang tidak adil ini ya iya itu Ordal alias Titipan yang gk kompeten di bidang yang diampu tapi bisa menempati posisi itu.,10 hours ago
@stoopixvx,"Â @ridwaankurniawan8546Â  ga gitu bro, kalo emang gitu, ga usah bikin loker secara terbuka, lu japri ae tuh orangnya baik lewat WA ato telpon",10 hours ago
@HariyantoGamer,"Sudah menjadi rahasia umum kak. Aku aja sampai heran sama hal yang beginian. Kita udh susah"" ikut pelatihan buat nambahin skill, eh kalahnya sama ordal ğŸ¤£",10 hours ago
@ontheuyo,emang susah kalo budaya korupsi di negara kita dihilangkan. Tetapi sekarang di tahun ini 2025 sudah mulai berkurang kok,10 hours ago
@kevinianfleming2201,"Saya bisnis owner, sekarang lebih suka cari orang luar daripada orang dalem",10 hours ago
@rinaldypriawan5000,Jalur orang dalam dari macem2 om.. conto ada temen yg nilai akademisnya pas2an.. tapi dia hobi maen tenis.. dan ikut club tenis.. disitu anggota club rata2 pekerja kantoran ada yg manager.. jadi ketika dia lulus banyak yg nawarin kerja.. tanpa interview dgn ipk pas2an.. makanya koneksi nomer 1 sii perluas pergaulan jangan cuman nongkrong maen game pacaran aja kerjanya ğŸ˜‚ğŸ˜‚,10 hours ago
@HariyantoGamer,Â @kevinianfleming2201Â  Bisnis di bidang apa kak?,10 hours ago
@bimoarif5918,"Hrs diperjelas, ordal negatif: wapres fufufafa, ordal positif: di banyak kasus politik dan bisnis singapura",10 hours ago
@ajipamungkas9348,Orang yang ngeluh sama kondisi dan keadaan (kalah saing) kok bisa mampir nonton channel ini ya,9 hours ago
@bimawahyumaulana9598,Paksa sistem pengambilan tenaga kerja pakai sistem CAT,9 hours ago
@arianisagala9504,"Aku juga heran, aku kira yang nonton Chanel ini orang yang bisa menghadapi kenyataanâ€‹Â @ajipamungkas9348Â ",9 hours ago
@sangajinur2707,"Tetep jadi masalah walaupun pesaingan adil sekalipun, lowongan kerja itu sebisa mungkin harus disediakan sebanyak mungkin, untuk mengurangi angka pengangguran, dan fyi pertumbuhan anagkatan kerja dan lowongan kerja baru itu berbanding jauh klo ga diatasi ya tiap tahun makin tinggi angka penganggurannya",8 hours ago
@satrofajar,"Gajinya pegawai/buruh suram sih rata2 di jabodetabek UMR cuma 5,5 jt ğŸ˜… tambah tunjangan juga paling 9-12 jt ğŸ˜…ğŸ˜… mending jadi kang parkir auto kaya malak warga indo yg sdm rendah ğŸ˜‚ğŸ˜‚",8 hours ago
@Weezerholician,"Ordal tuh lumrah, lu punya skill dan koneksi bagus, lu bisa dapet rekomendasi dari jejaring yang lu bangun karena kredibilitas lu, itu juga ordal lewat network dan skill yang lu punya, sebisa bisanya lu  masuk kerja lewat ordal tapi kalo skillnya gaada yaa lu gaakan bisa masuk kerja. Ini tuh bukan luck, itu tetep butuh action buat dapetinnya, stop ngeluh, orang lain bisa masa lu gabisa, tapi kalo lu tetep kaya gini dan ngga mau fight yaudah bye bye, dunia gaakan nunggu lu siap buat mulai.",8 hours ago
@FannyaOktavia,Bukan soal ordal atau apa lah itu nama nya.. meskipun persaingan sehat.. kalo jumlah pengangguran tiap tahun semakin bnyak dan lapangan kerja nya terbatas.. semakin tahun pengangguran makin bnyak.. contoh 1 perusahaan membutuhkan 10 orang yg melamar 100 orang.. sisa nya 90 orang menganggur.. nah tahun berikut nya nambah lagi 100.. jadi 190 orang mendaftar lagi pekerjaan yg harus terpilih 10 orang lagi.. sisanya 180 menganggur.. dan seperti itulah tiap tahun semakin bertambah,8 hours ago
@satria4780,"selama skillnya bagus itu namanya relasi/network, kalau skilllu b aja ya jelas di tolak mending ordal yg komunikasi gampang skill oke",7 hours ago
@TheDarkVlame,"Nah ini nih yg perlu dibenerin, makanya biasakan jangan males memperpanjang koneksi + rajin2 branding diri (via socmed, jadi mulai gunain socmed lo untuk marketingin diri bukan cuman ladang curhat & kelihatan exist) supaya stand out di mata hr & users (mau extrovert / introvert rulers nya sama). Kenapa? karena yg apply ada banyak lebih dari 2,000, hr & user capek lah & gak ada punya banyak waktu lah kalo harus milah satu2 cv & porto, mereka juga punya kerjaan lain. Pertanyaannya persaingan yg adil itu seperti apa? kalo majority pake ordal bukannya itu adil ya? Emang maunya kayak gimana? pake bikin study case atau pilihan ganda tes psikologi atau apa? kalo lembar jawabannya ada 2000++ tamat itu para rekruter. Jangan anggap karena via ordal mereka issue juga. Banyak juga rekruit dari ordal harus kerja 200% lebih banyak dari pada karyawan yg masuk via tes untuk membuktikan bahwa mereka worth untuk direkrut bahkan diluar ekspektasi supaya yg masukin dia juga senang & gak rusak nama baiknya. rekrutan non-ordal juga banyak yg sampah, ada yg ternyata cuman tongkosong, attitude manis didepan atasan doang, porto asal nyomot, ngerasa paling prestige dll. Inget kebanyakan di perusahaan yg sehat jaringan atau ordal cukup bantu lo sampe tahap interview.",7 hours ago (edited)
@ariefsangpenjelajahmasadep3246,setuju gw sama statement lu bang,7 hours ago
@MizalHasan,Mending jadi tukang Parkir Alfamart seperti akuğŸ˜‚,7 hours ago
@rianpratama3282,"Gua rasa selama dia punya skill disitu, ordal malah jadi satu nilai tambah

Yang penting bukan gada skill disitu tapi direkrut karena ordal",6 hours ago
@pawangkayu,Ordal juga bisa disebut privilege sih. Hidup emang gak adil dan dunia gak berputar nurutin maumu.,6 hours ago
@workmusicbgmchannel9253,"persaingan parah bro, yg di cari berlian bukan buih rinso mcm lu",5 hours ago
@Gukk123,"ga bisa kawan.. 
Lifeâ€™s not fair, it never was, it isnâ€™t now and it wonâ€™t ever be â€” Matthew McConaughey",5 hours ago
@workmusicbgmchannel9253,Â @perdanaarbi7154Â  meritokrasi kalah sama subjektivitas. itu masalah utama nya.,5 hours ago
@KangSomay101,"Nah... Ordal kalo gua gak begitu jadi masalah. Ordal kalo gak ada kemampuan dan kemauan gak lama juga bakal di depak.

Yang menyebalkan itu perusahaan yang terus buka loker tiap hari dan terus promosi buka loker tapi sebenernya gak nyari karyawan baru. Biasanya untuk promosi atau peningkatan citra perusahaan... Tapi gak sedikit perusahaan nakal yang buka loker gak nyari karyawan bukan cuman untuk peningkatan citra atau promosi tapi untuk mencuri data pelamar yang entar data basenya di jual ke perusahaan lain.

Ini menyebalkan banget... Selain buang buang waktu, data kita yang kita taruh di berkas atau di isi di form itu cuman untuk di curi dan di jual lagi oleh mereka",3 hours ago
@bukanianantono,"makin keren perusahaan/instansinya, makin besar kemungkinan ordal. baiknya dimulai dr yg ecek2 dulu, kalo punya pengalaman baru pindah, ato di posisi yg 'hina' dulu, baru ngelamar lg di posisi favorit.",1 hour ago
@bukanianantono,"â€‹Â @perdanaarbi7154Â jgn lamar di posisi favorit. cari perusahaan/instansi ecek2, cari pengalaman, kalo udah cukup baru ngelamar kesitu.
mawas diri. makin keren posisinya, makin besar kemungkinan ordal.",1 hour ago
@Mutis-uy6ci,"Tergantung pada pekerjaan apa, tp yg jelas kalau swasta ya adil adil aja. Punya ordal atau menciptakan ordal itu ga mudah, kalo gampang ya coba aja punya. Bikin koneksi itu, yang bikin koneksi jg effort lhoğŸ˜‚ mau dengan cara yang baik atau buruk",1 hour ago
@librast,"aku kerasa banget.. 2 tahun jobseeking tiap minggu at least 15-30 lamaran dikirim lewat linkedin, jobstreet, glints, loker.id, semuanya dimasukin. Dan sampe sekarang hanya dapat interview di 5 tempat, dan gagal di 5-5nya, sampai sekarang masih belum dapat kerja baru, padahal lulusan S1 2022, sudah punya pengalaman kerja dan magang.",11 hours ago
@myname7037,"Problem dengan sebagian besar pencari pekerja di Indonesia adalah kurangnya visi dan persiapan; sudahkah misalnya bekerjasama dengan lembaga pelatihan kerja yang resmi dari pemda dan pemerintah pusat supaya bisa tembus ke Jerman, Korea, dan Australia? Kalau cuma sekedar pengen gaji dolar tanpa realisasi, berarti cuma omdo dan banyak teori",11 hours ago
@BangImam_Betawi_Pekayon_Bekasi,Semoga cepat ada perubahan,11 hours ago
@antitololiyyun234,"Negara kita susah, persaingannya tidak fair, selama ada kenalan dalam pasti diutamakan daripada yang berkompeten.",10 hours ago